from,to,value,hash,time_stamp
0xa3e639fd35,0xccb9ef3c64,100,befdc6ae39,2019-12-05 17:40:01 +0900
0xa3e639fd35,0xccb9ef3c64,100,f4a3623ff3,2019-12-05 17:43:42 +0900
0xa3e639fd35,0xccb9ef3c64,100,801e853615,2019-12-05 17:43:52 +0900
0xa3e639fd35,0xccb9ef3c64,100,2ea8c8d706,2019-12-05 17:44:31 +0900
0xa3e639fd35,0xccb9ef3c64,100,aedd183d49,2019-12-05 17:52:14 +0900
0xa3e639fd35,0xccb9ef3c64,100,6edc8e5c9e,2019-12-05 17:52:25 +0900
0xa3e639fd35,0xccb9ef3c64,100,27d0db62c2,2019-12-05 17:54:36 +0900
0xa3e639fd35,0xccb9ef3c64,100,7e08d04ab1,2019-12-05 17:57:46 +0900
0xa3e639fd35,0xccb9ef3c64,100,6d5c0527c9,2019-12-05 17:59:31 +0900
0xa3e639fd35,0xccb9ef3c64,100,241c8bd4a4,2019-12-05 18:00:29 +0900
0xa3e639fd35,0xccb9ef3c64,100,053302979b,2019-12-05 18:00:59 +0900
0xa3e639fd35,0xccb9ef3c64,100,5f76e38dc9,2019-12-05 18:02:37 +0900
0xa3e639fd35,0xccb9ef3c64,100,e9ddda6263,2019-12-05 18:02:49 +0900
0xa3e639fd35,0xccb9ef3c64,100,dad5351ba4,2019-12-05 18:04:17 +0900
0xa3e639fd35,0xccb9ef3c64,100,f5989feb5a,2019-12-05 18:04:32 +0900
0xa3e639fd35,0xccb9ef3c64,100,6700434e06,2019-12-05 18:04:48 +0900
0xa3e639fd35,0xccb9ef3c64,100,f7c84aff18,2019-12-05 18:05:00 +0900
0xa3e639fd35,0xccb9ef3c64,100,529b59153f,2019-12-05 18:05:47 +0900
0xa3e639fd35,0xccb9ef3c64,100,3bb5069610,2019-12-05 18:06:35 +0900
0xa3e639fd35,0xccb9ef3c64,100,21cfe7dd8d,2019-12-05 18:07:54 +0900
0xa3e639fd35,0xccb9ef3c64,100,4560a5321e,2019-12-05 18:47:36 +0900
0xa3e639fd35,0xccb9ef3c64,100,d2ff751e56,2019-12-05 18:47:53 +0900
0xa3e639fd35,0xccb9ef3c64,100,eadcbb6633,2019-12-05 18:50:28 +0900
0xa3e639fd35,0xccb9ef3c64,100,bd865714bc,2019-12-05 18:58:38 +0900
0xa3e639fd35,0xccb9ef3c64,100,5d2c56f8c5,2019-12-06 11:07:31 +0900
0xa3e639fd35,0xccb9ef3c64,100,58230426f9,2019-12-06 11:08:02 +0900
0xa3e639fd35,0xccb9ef3c64,100,26080455b5,2019-12-06 11:08:31 +0900
0xa3e639fd35,0xccb9ef3c64,100,a88951cefb,2019-12-06 11:09:18 +0900
0xa3e639fd35,0xccb9ef3c64,100,a80c39dd74,2019-12-06 11:10:22 +0900
0xa3e639fd35,0xccb9ef3c64,100,9339e10df8,2019-12-06 11:11:08 +0900
0xa3e639fd35,0xccb9ef3c64,100,310237fc3c,2019-12-06 11:11:41 +0900
0xa3e639fd35,0xccb9ef3c64,100,62aed2051c,2019-12-06 11:12:02 +0900
0xa3e639fd35,0xccb9ef3c64,100,9164bd2e95,2019-12-06 11:13:50 +0900
0xa3e639fd35,0xccb9ef3c64,100,aac8e2f814,2019-12-06 11:14:03 +0900
0xa3e639fd35,0xccb9ef3c64,100,218b8d1144,2019-12-06 11:15:43 +0900
0xa3e639fd35,0xccb9ef3c64,100,d752366f93,2019-12-06 11:16:07 +0900
0xa3e639fd35,0xccb9ef3c64,100,89a57cf295,2019-12-06 11:16:58 +0900
0xa3e639fd35,0xccb9ef3c64,100,d58ed76792,2019-12-06 11:17:41 +0900
0xa3e639fd35,0xccb9ef3c64,100,f5afb67a6c,2019-12-06 11:18:17 +0900
0xa3e639fd35,0xccb9ef3c64,100,27cc77e4bf,2019-12-06 11:18:46 +0900
0xa3e639fd35,0xccb9ef3c64,100,e6a5a1d159,2019-12-06 11:21:40 +0900
0xa3e639fd35,0xccb9ef3c64,100,150d4dcd02,2019-12-06 11:21:55 +0900
0xa3e639fd35,0xccb9ef3c64,100,a2595fa667,2019-12-06 11:22:06 +0900
0xa3e639fd35,0xccb9ef3c64,100,0831a9c2c1,2019-12-06 11:23:30 +0900
0xa3e639fd35,0xccb9ef3c64,100,c3aa23647d,2019-12-06 11:23:48 +0900
0xa3e639fd35,0xccb9ef3c64,100,fe770b21f1,2019-12-06 11:40:52 +0900
0xa3e639fd35,0xccb9ef3c64,100,711221643c,2019-12-06 11:42:41 +0900
0xa3e639fd35,0xccb9ef3c64,100,1019a33487,2019-12-06 11:47:48 +0900
0xa3e639fd35,0xccb9ef3c64,100,c2c55567ac,2019-12-06 11:49:13 +0900
0xa3e639fd35,0xccb9ef3c64,100,ce35e1f8a0,2019-12-06 11:49:30 +0900
0xa3e639fd35,0xccb9ef3c64,100,b712df3ab0,2019-12-06 11:51:11 +0900
0xa3e639fd35,0xccb9ef3c64,100,b096727eaf,2019-12-06 11:51:29 +0900
0xa3e639fd35,0xccb9ef3c64,100,3c04efb8fa,2019-12-06 11:54:50 +0900
0xa3e639fd35,0xccb9ef3c64,100,783c56bf96,2019-12-06 11:55:30 +0900
0xa3e639fd35,0xccb9ef3c64,100,b72ad81b01,2019-12-06 11:56:41 +0900
0xa3e639fd35,0xccb9ef3c64,100,74a29c8aa6,2019-12-06 11:59:57 +0900
0xa3e639fd35,0xccb9ef3c64,100,7a5b7c0132,2019-12-06 12:01:44 +0900
0xa3e639fd35,0xccb9ef3c64,100,743f06135b,2019-12-06 12:02:19 +0900
0xa3e639fd35,0xccb9ef3c64,100,20361c77bf,2019-12-06 12:03:10 +0900
0xa3e639fd35,0xccb9ef3c64,100,b0bc3faa2f,2019-12-06 12:03:46 +0900
0xa3e639fd35,0xccb9ef3c64,100,f959721120,2019-12-06 12:26:03 +0900
0xa3e639fd35,0xccb9ef3c64,100,f959721120,2019-12-06 12:26:03 +0900
0xa3e639fd35,0xccb9ef3c64,100,f959721120,2019-12-06 12:26:03 +0900
0xa3e639fd35,0xccb9ef3c64,100,f959721120,2019-12-06 12:26:03 +0900
0xa3e639fd35,0xccb9ef3c64,100,f959721120,2019-12-06 12:26:03 +0900
0xa3e639fd35,0xccb9ef3c64,100,f959721120,2019-12-06 12:26:03 +0900
0xa3e639fd35,0xccb9ef3c64,100,f959721120,2019-12-06 12:26:03 +0900
0xa3e639fd35,0xccb9ef3c64,100,f959721120,2019-12-06 12:26:03 +0900
0xa3e639fd35,0xccb9ef3c64,100,f959721120,2019-12-06 12:26:03 +0900
0xa3e639fd35,0xccb9ef3c64,100,f959721120,2019-12-06 12:26:03 +0900
0xa3e639fd35,0xccb9ef3c64,100,f959721120,2019-12-06 12:26:03 +0900
0xa3e639fd35,0xccb9ef3c64,100,f959721120,2019-12-06 12:26:03 +0900
0xa3e639fd35,0xccb9ef3c64,100,f959721120,2019-12-06 12:26:03 +0900
0xa3e639fd35,0xccb9ef3c64,100,f959721120,2019-12-06 12:26:03 +0900
0xa3e639fd35,0xccb9ef3c64,100,f959721120,2019-12-06 12:26:03 +0900
0xa3e639fd35,0xccb9ef3c64,100,f959721120,2019-12-06 12:26:03 +0900
0xa3e639fd35,0xccb9ef3c64,100,b5c2560641,2019-12-06 12:30:25 +0900
0xa3e639fd35,0xccb9ef3c64,100,b5c2560641,2019-12-06 12:30:25 +0900
0xa3e639fd35,0xccb9ef3c64,100,b5c2560641,2019-12-06 12:30:25 +0900
0xa3e639fd35,0xccb9ef3c64,100,b5c2560641,2019-12-06 12:30:25 +0900
0xa3e639fd35,0xccb9ef3c64,100,b5c2560641,2019-12-06 12:30:25 +0900
0xa3e639fd35,0xccb9ef3c64,100,b5c2560641,2019-12-06 12:30:25 +0900
0xa3e639fd35,0xccb9ef3c64,100,b5c2560641,2019-12-06 12:30:25 +0900
0xa3e639fd35,0xccb9ef3c64,100,b5c2560641,2019-12-06 12:30:25 +0900
0xa3e639fd35,0xccb9ef3c64,100,b5c2560641,2019-12-06 12:30:25 +0900
0xa3e639fd35,0xccb9ef3c64,100,b5c2560641,2019-12-06 12:30:25 +0900
0xa3e639fd35,0xccb9ef3c64,100,b5c2560641,2019-12-06 12:30:25 +0900
0xa3e639fd35,0xccb9ef3c64,100,b5c2560641,2019-12-06 12:30:25 +0900
0xa3e639fd35,0xccb9ef3c64,100,b5c2560641,2019-12-06 12:30:25 +0900
0xa3e639fd35,0xccb9ef3c64,100,b5c2560641,2019-12-06 12:30:25 +0900
0xa3e639fd35,0xccb9ef3c64,100,b5c2560641,2019-12-06 12:30:25 +0900
0xa3e639fd35,0xccb9ef3c64,100,b5c2560641,2019-12-06 12:30:25 +0900
0xa3e639fd35,0xccb9ef3c64,100,3e6c9ab8ee,2019-12-06 12:31:39 +0900
0xa3e639fd35,0xccb9ef3c64,100,2b420b4edd,2019-12-06 12:32:41 +0900
0xa3e639fd35,0xccb9ef3c64,100,cbb268cba1,2019-12-06 12:33:41 +0900
0xa3e639fd35,0xccb9ef3c64,100,6ca3862fb0,2019-12-06 13:13:03 +0900
0xa3e639fd35,0xccb9ef3c64,100,3567a57e1b,2019-12-06 13:16:48 +0900
0xa3e639fd35,0xccb9ef3c64,100,c201253974,2019-12-06 13:33:40 +0900
0xa3e639fd35,0xccb9ef3c64,100,95d48a347f,2019-12-06 13:34:11 +0900
0xa3e639fd35,0xccb9ef3c64,100,dcdeec3931,2019-12-06 13:34:45 +0900
0xa3e639fd35,0xccb9ef3c64,100,a92f3383e6,2019-12-06 13:35:20 +0900
0xa3e639fd35,0xccb9ef3c64,100,a3d4636370,2019-12-06 13:35:45 +0900
0xa3e639fd35,0xccb9ef3c64,100,772c2864a0,2019-12-06 13:36:13 +0900
0xa3e639fd35,0xccb9ef3c64,100,d37e8d461b,2019-12-06 13:36:40 +0900
0xa3e639fd35,0xccb9ef3c64,100,665d12d99a,2019-12-06 13:41:04 +0900
0xa3e639fd35,0xccb9ef3c64,100,d46b8a1415,2019-12-06 13:43:02 +0900
0xa3e639fd35,0xccb9ef3c64,100,488d7411a2,2019-12-06 13:43:22 +0900
0xa3e639fd35,0xccb9ef3c64,100,9c69753a68,2019-12-06 13:45:54 +0900
0xa3e639fd35,0xccb9ef3c64,100,a696cd0b7b,2019-12-06 13:48:48 +0900
0xa3e639fd35,0xccb9ef3c64,100,9b44d20dad,2019-12-06 13:48:59 +0900
0xa3e639fd35,0xccb9ef3c64,100,f40f1305fe,2019-12-06 13:50:06 +0900
0xa3e639fd35,0xccb9ef3c64,100,7b1b0ed9d0,2019-12-06 14:02:53 +0900
0xa3e639fd35,0xccb9ef3c64,100,b965001089,2019-12-06 14:04:08 +0900
0xa3e639fd35,0xccb9ef3c64,100,fa73077978,2019-12-06 14:06:18 +0900
0xa3e639fd35,0xccb9ef3c64,100,7540b9a173,2019-12-06 14:13:39 +0900
